strength,change,shift,shift_day,end_of_day,prop_infected
6,1,5,1,7,0.03333333333333333
6,1,5,2,7,0.03333333333333333
6,1,5,3,7,0.03333333333333333
6,1,5,1,14,0.06666666666666667
6,1,5,2,14,0.06666666666666667
6,1,5,3,14,0.06666666666666667
6,1,5,1,21,0.06666666666666667
6,1,5,2,21,0.1
6,1,5,3,21,0.06666666666666667
